"Style[""Series"", Bold]","Style[""Fitted Distribution"", Bold]"
"SET","LaplaceDistribution[0.03676774958380237, 0.6954463587420484]"
"MAI","StudentTDistribution[0.1346677119930973, 0.6633278461847426, 2.906018125800978]"
"ZeroShort","MixtureDistribution[{0.4790981777773035, 0.5209018222226964}, {CauchyDistribution[-0.0027739031145741964, 0.002194921179683262], CauchyDistribution[0.0023884777747069817, 0.002074189994622435]}]"
"ZeroLong","StudentTDistribution[-0.002950993142020094, 0.012710666811538644, 1.6444092650881672]"
"CorpBond","StudentTDistribution[-0.0009853472319833604, 0.006122335733496326, 2.2003045253440705]"
"THB","LaplaceDistribution[0.0015302163881694448, 0.21070800091867425]"
"EquityFlow","LaplaceDistribution[-7.2056695475539945, 44.88217928620859]"
"BondFlow","MixtureDistribution[{0.8173645085162743, 0.18263549148372565}, {LaplaceDistribution[-374.54411441831894, 2000.0307372371562], GammaDistribution[2.629534650342403, 3461.5535457072233]}]"
"EMAsiaEquity","StudentTDistribution[0.04519527144916294, 0.7581969620077978, 3.175980921711142]"
"SP500","LaplaceDistribution[0.05209617817797953, 0.7269683526137038]"
"EMBond","StudentTDistribution[0.025396157180584467, 0.14055826648186037, 2.451369542786699]"
"USBond","StudentTDistribution[0.03156549962782892, 0.14105140303218144, 3.3026210953613697]"
"EMAsiaFX","LogisticDistribution[0.0029793083772956556, 0.1253653984473704]"
"USD","LogisticDistribution[-0.006251503031890509, 0.22448067577109773]"
