MAI,,,,,,,,,,,,,
CorpBond,EMBond,,,,,,,,,,,,
ZeroShort,CorpBond,BondFlow,,,,,,,,,,,
EMBond,ZeroShort,CorpBond,USD,,,,,,,,,,
ZeroLong,BondFlow,ZeroShort,CorpBond,EquityFlow,,,,,,,,,
USBond,USD,ZeroLong,ZeroShort,CorpBond,SET,,,,,,,,
SP500,EquityFlow,USBond,ZeroLong,ZeroShort,CorpBond,EMAsiaEquity,,,,,,,
USD,SET,SP500,USBond,ZeroLong,ZeroShort,CorpBond,THB,,,,,,
BondFlow,EMAsiaEquity,USD,SP500,USBond,ZeroLong,ZeroShort,CorpBond,EMAsiaFX,,,,,
EMAsiaFX,THB,EMAsiaFX,EquityFlow,SP500,USBond,ZeroLong,ZeroShort,CorpBond,SP500,,,,
THB,EMAsiaFX,THB,SET,EMAsiaFX,SP500,USBond,ZeroLong,ZeroShort,CorpBond,USBond,,,
EMAsiaEquity,SP500,EMAsiaEquity,EMAsiaEquity,THB,EMAsiaFX,SP500,USBond,ZeroLong,ZeroShort,CorpBond,ZeroShort,,
EquityFlow,ZeroLong,SET,THB,EMAsiaEquity,THB,EMAsiaFX,SP500,USBond,ZeroLong,ZeroShort,CorpBond,ZeroLong,
SET,USBond,EquityFlow,EMAsiaFX,SET,EMAsiaEquity,THB,EMAsiaFX,SP500,USBond,ZeroLong,ZeroLong,CorpBond,CorpBond
,,,,,,,,,,,,,
,,,,,,,,,,,,,
